INSERT INTO role (id, role) VALUES (1, 'USER');
INSERT INTO role (id, role) VALUES (2, 'ADMIN');

INSERT INTO data (id, age, firstName, lastName, gender) VALUES (1, 65, 'Franciszek', 'Nowak', 'MALE');
INSERT INTO data (id, age, firstName, lastName, gender) VALUES (2, 32, 'Weronika', 'Mucha', 'FEMALE');
INSERT INTO data (id, age, firstName, lastName, gender) VALUES (3, 24, 'Sebastian', 'Mazur', 'MALE');
INSERT INTO data (id, age, firstName, lastName, gender) VALUES (4, 40, 'Zofia', 'Nowak', 'FEMALE');
INSERT INTO data (id, age, firstName, lastName, gender) VALUES (5, 17, 'Natalia', 'Sadowska', 'FEMALE');
INSERT INTO data (id, age, firstName, lastName, gender) VALUES (6, 28, 'Jan', 'Kaczor', 'MALE');
INSERT INTO data (id, age, firstName, lastName, gender) VALUES (7, 32, 'Kinga', 'Sobczyk', 'FEMALE');
INSERT INTO data (id, age, firstName, lastName, gender) VALUES (8, 44, 'Jan', 'Mazurkiewicz', 'MALE');
INSERT INTO data (id, age, firstName, lastName, gender) VALUES (9, 51, 'Oliwia', 'Gajda', 'FEMALE');
INSERT INTO data (id, age, firstName, lastName, gender) VALUES (10, 67, 'Karol', 'Kowalik', 'MALE');
INSERT INTO data (id, age, firstName, lastName, gender) VALUES (11, 71, 'Bartek', 'Krawczyk', 'MALE');
INSERT INTO data (id, age, firstName, lastName, gender) VALUES (12, 83, 'Antonina', 'Makowska', 'FEMALE');
INSERT INTO data (id, age, firstName, lastName, gender) VALUES (13, 34, 'Hubert', 'Szewczyk', 'MALE');
INSERT INTO data (id, age, firstName, lastName, gender) VALUES (14, 36, 'Amelia', 'Markiewicz', 'FEMALE');
INSERT INTO data (id, age, firstName, lastName, gender) VALUES (16, 21, 'Krzysztof', 'Kwiatkowski', 'MALE');
INSERT INTO data (id, age, firstName, lastName, gender) VALUES (17, 23, 'Bartek', 'Kania', 'MALE');
INSERT INTO data (id, age, firstName, lastName, gender) VALUES (18, 29, 'Piotr', 'Grabowski', 'MALE');
INSERT INTO data (id, age, firstName, lastName, gender) VALUES (19, 33, 'Magdalena', 'Pawlak', 'FEMALE');
INSERT INTO data (id, age, firstName, lastName, gender) VALUES (20, 48, 'Julia', 'Kowalska', 'FEMALE');

INSERT INTO category (id, name) VALUES (1, 'Other');
INSERT INTO category (id, name) VALUES (2, 'Politics');
INSERT INTO category (id, name) VALUES (3, 'Sport');
INSERT INTO category (id, name) VALUES (4, 'Cooking');
INSERT INTO category (id, name) VALUES (5, 'Motorization');
INSERT INTO category (id, name) VALUES (6, 'History');
INSERT INTO category (id, name) VALUES (7, 'Social');
INSERT INTO category (id, name) VALUES (8, 'Education');
INSERT INTO category (id, name) VALUES (9, 'Internet');
INSERT INTO category (id, name) VALUES (10, 'Business');

INSERT INTO poll (id, question, account_id) VALUES (1, 'What is your favourite browser?', null);
INSERT INTO poll (id, question, account_id) VALUES (2, 'What is your favourite color?', null);
INSERT INTO poll (id, question, account_id) VALUES (3, 'What is your favourite sport?', null);
INSERT INTO poll (id, question, account_id) VALUES (4, 'What is your favorite historical period?', null);

INSERT INTO answer (id, content, poll_id) VALUES (1, 'Mozilla', 1);
INSERT INTO answer (id, content, poll_id) VALUES (2, 'Opera', 1);
INSERT INTO answer (id, content, poll_id) VALUES (3, 'Chrome', 1);
INSERT INTO answer (id, content, poll_id) VALUES (4, 'Red', 2);
INSERT INTO answer (id, content, poll_id) VALUES (5, 'Blue', 2);
INSERT INTO answer (id, content, poll_id) VALUES (6, 'Black', 2);
INSERT INTO answer (id, content, poll_id) VALUES (7, 'Yellow', 2);
INSERT INTO answer (id, content, poll_id) VALUES (8, 'Football', 3);
INSERT INTO answer (id, content, poll_id) VALUES (9, 'Rugby', 3);
INSERT INTO answer (id, content, poll_id) VALUES (10, 'Hockey', 3);
INSERT INTO answer (id, content, poll_id) VALUES (11, 'Boxing', 3);
INSERT INTO answer (id, content, poll_id) VALUES (12, 'Middle ages', 4);
INSERT INTO answer (id, content, poll_id) VALUES (13, 'Ancient times', 4);
INSERT INTO answer (id, content, poll_id) VALUES (14, 'Modern era ', 4);
INSERT INTO answer (id, content, poll_id) VALUES (15, 'Present ', 4);

INSERT INTO poll_category (poll_id, category_id) VALUES (1, 9);
INSERT INTO poll_category (poll_id, category_id) VALUES (2, 1);
INSERT INTO poll_category (poll_id, category_id) VALUES (3, 3);
INSERT INTO poll_category (poll_id, category_id) VALUES (4, 6);

INSERT INTO data_answer (data_id, answer_id) VALUES (1, 1);
INSERT INTO data_answer (data_id, answer_id) VALUES (1, 5);
INSERT INTO data_answer (data_id, answer_id) VALUES (1, 8);
INSERT INTO data_answer (data_id, answer_id) VALUES (1, 14);
INSERT INTO data_answer (data_id, answer_id) VALUES (2, 2);
INSERT INTO data_answer (data_id, answer_id) VALUES (2, 15);
INSERT INTO data_answer (data_id, answer_id) VALUES (3, 5);
INSERT INTO data_answer (data_id, answer_id) VALUES (3, 2);
INSERT INTO data_answer (data_id, answer_id) VALUES (3, 11);
INSERT INTO data_answer (data_id, answer_id) VALUES (4, 3);
INSERT INTO data_answer (data_id, answer_id) VALUES (4, 7);
INSERT INTO data_answer (data_id, answer_id) VALUES (4, 9);
INSERT INTO data_answer (data_id, answer_id) VALUES (4, 13);
INSERT INTO data_answer (data_id, answer_id) VALUES (5, 6);
INSERT INTO data_answer (data_id, answer_id) VALUES (5, 10);
INSERT INTO data_answer (data_id, answer_id) VALUES (6, 1);
INSERT INTO data_answer (data_id, answer_id) VALUES (7, 2);
INSERT INTO data_answer (data_id, answer_id) VALUES (7, 5);
INSERT INTO data_answer (data_id, answer_id) VALUES (7, 8);
INSERT INTO data_answer (data_id, answer_id) VALUES (7, 15);
INSERT INTO data_answer (data_id, answer_id) VALUES (8, 3);
INSERT INTO data_answer (data_id, answer_id) VALUES (8, 7);
INSERT INTO data_answer (data_id, answer_id) VALUES (8, 8);
INSERT INTO data_answer (data_id, answer_id) VALUES (9, 1);
INSERT INTO data_answer (data_id, answer_id) VALUES (9, 14);
INSERT INTO data_answer (data_id, answer_id) VALUES (10, 3);
INSERT INTO data_answer (data_id, answer_id) VALUES (10, 5);
INSERT INTO data_answer (data_id, answer_id) VALUES (10, 9);
INSERT INTO data_answer (data_id, answer_id) VALUES (11, 2);
INSERT INTO data_answer (data_id, answer_id) VALUES (11, 10);